APT_Group,MITRE_ID,Malware_Family,SHA256,File_Extension,File_Name,Source,Folder
admin@338,G0018,Gh0stRAT,0bff57a5677e7a33f0b172b116752d083a1e8f98324158448e556c4fda2518c5,.dll,admin@338_Gh0stRAT_0bff57a5.dll,MalwareBazaar,Executable_Malware/admin@338/Gh0stRAT
admin@338,G0018,Gh0stRAT,481f80be12bf59f0f7a813410241e9101d68725e7e5e9dd0caede8709c5a75c9,.dll,admin@338_Gh0stRAT_481f80be.dll,MalwareBazaar,Executable_Malware/admin@338/Gh0stRAT
admin@338,G0018,Gh0stRAT,5e189d616ee4fe528bc165b7528b071619408d43bbfd9c82c045aeeb55276478,.dll,admin@338_Gh0stRAT_5e189d61.dll,MalwareBazaar,Executable_Malware/admin@338/Gh0stRAT
admin@338,G0018,Gh0stRAT,68d0d7937388b70590892bd45e375a3986986abba5bfaf6071df495bd5978bc6,.dll,admin@338_Gh0stRAT_68d0d793.dll,MalwareBazaar,Executable_Malware/admin@338/Gh0stRAT
admin@338,G0018,Gh0stRAT,84d8ac8e76397cb0ad4285d1bb189e901212632ab3d5f777eb8fd468ec74c480,.exe,admin@338_Gh0stRAT_84d8ac8e.exe,MalwareBazaar,Executable_Malware/admin@338/Gh0stRAT
Ajax_Security,G0130,njRAT,2a80ede2d1ea3f24df731423bc474a1a5d35ebae8d6ec90c9dc8fddca71ce0f6,.exe,Ajax_Security_njRAT_2a80ede2.exe,MalwareBazaar,Executable_Malware/Ajax_Security/njRAT
Ajax_Security,G0130,njRAT,2c4c5c35e5777c563006243dba89b1e6dbf977f4171cf36eb24aa4a08803759b,.exe,Ajax_Security_njRAT_2c4c5c35.exe,MalwareBazaar,Executable_Malware/Ajax_Security/njRAT
Ajax_Security,G0130,njRAT,6d1aa6768394decd5f24bcabbc3ab3bf08f140fad1e11100240b471cc2a5aaf8,.exe,Ajax_Security_njRAT_6d1aa676.exe,MalwareBazaar,Executable_Malware/Ajax_Security/njRAT
Ajax_Security,G0130,njRAT,7d46a10f34fb8c89185543a6e3f2ea05d702421dfe3e5de19230083b83d5800f,.exe,Ajax_Security_njRAT_7d46a10f.exe,MalwareBazaar,Executable_Malware/Ajax_Security/njRAT
APT1,G0006,Gh0stRAT,244478205a3a972443b191ea0b96e199b5c3dd5ad71b2a0d47c7ae73350a7028,.exe,APT1_Gh0stRAT_24447820.exe,MalwareBazaar,Executable_Malware/APT1/Gh0stRAT
APT1,G0006,Gh0stRAT,32278411dc9d8e54b5802428e955f64cefcd21cbf86821388785b86f83dbd54e,.exe,APT1_Gh0stRAT_32278411.exe,MalwareBazaar,Executable_Malware/APT1/Gh0stRAT
APT1,G0006,Gh0stRAT,4561510e00ec96ef53ab567ae108d8900da0bff8f1bc65eb2a3147c33ebac194,.exe,APT1_Gh0stRAT_4561510e.exe,MalwareBazaar,Executable_Malware/APT1/Gh0stRAT
APT1,G0006,Gh0stRAT,a40ed649010f831d111458c99ecfc2ffcf519ca1e27b387944b4bb75976790ae,.exe,APT1_Gh0stRAT_a40ed649.exe,MalwareBazaar,Executable_Malware/APT1/Gh0stRAT
APT1,G0006,Gh0stRAT,f4541e8a44142832d5ad0897a22d88d0caab4ffc0179026906e9f19c3dbcffcb,.exe,APT1_Gh0stRAT_f4541e8a.exe,MalwareBazaar,Executable_Malware/APT1/Gh0stRAT
APT1,G0006,PoisonIvy,12e69a8cbb43fd1cb8bbcbc8ea4e93a11096244753c6e463201db4086e346ca2,.exe,APT1_PoisonIvy_12e69a8c.exe,MalwareBazaar,Executable_Malware/APT1/PoisonIvy
APT1,G0006,PoisonIvy,37fb1400f683c427aeecfd12368f8fd30f1a693596eadab984fc04508c20992f,.dll,APT1_PoisonIvy_37fb1400.dll,MalwareBazaar,Executable_Malware/APT1/PoisonIvy
APT1,G0006,PoisonIvy,3fd019d3bc905bc41e760a00ce4748e25b7ba660dd08a96181a4a60671a05f5b,.exe,APT1_PoisonIvy_3fd019d3.exe,MalwareBazaar,Executable_Malware/APT1/PoisonIvy
APT1,G0006,PoisonIvy,86ef578ca5923119e65049f3d26bff7ea41cea12f8c425f06786b406c8dfaf9a,.exe,APT1_PoisonIvy_86ef578c.exe,MalwareBazaar,Executable_Malware/APT1/PoisonIvy
APT1,G0006,PoisonIvy,eb84360ca4e33b8bb60df47ab5ce962501ef3420bc7aab90655fd507d2ffcedd,.exe,APT1_PoisonIvy_eb84360c.exe,MalwareBazaar,Executable_Malware/APT1/PoisonIvy
APT12,G0005,Gh0stRAT,a81700bf767bd7c4ee3ba71c954ad1bc37b89818a8953466bb7d858f8a4d26bd,.dll,APT12_Gh0stRAT_a81700bf.dll,MalwareBazaar,Executable_Malware/APT12/Gh0stRAT
APT12,G0005,Gh0stRAT,aa9380ebe4adbb984507dacb82fc077026f2ebd0535af216a6569b04ce9d3efe,.dll,APT12_Gh0stRAT_aa9380eb.dll,MalwareBazaar,Executable_Malware/APT12/Gh0stRAT
APT12,G0005,Gh0stRAT,b363d358b247697f452c304756151534eaa4f3274a43650986fae6a3343e5584,.exe,APT12_Gh0stRAT_b363d358.exe,MalwareBazaar,Executable_Malware/APT12/Gh0stRAT
APT12,G0005,Gh0stRAT,b642e6abf52baf150f8f06464a4f43fe8c86b984a859a20ba096e2dc950e4bf6,.dll,APT12_Gh0stRAT_b642e6ab.dll,MalwareBazaar,Executable_Malware/APT12/Gh0stRAT
APT12,G0005,Gh0stRAT,bfea39acc8f4ed542ab0cb06a60390f04fab8acd5af9436115a4b2a88bb22f98,.exe,APT12_Gh0stRAT_bfea39ac.exe,MalwareBazaar,Executable_Malware/APT12/Gh0stRAT
APT12,G0005,PoisonIvy,3259e6cd69dd0acd2c2d257865859302f3910b077775490cd281ac09fe51338c,.exe,APT12_PoisonIvy_3259e6cd.exe,MalwareBazaar,Executable_Malware/APT12/PoisonIvy
APT12,G0005,PoisonIvy,4e878b60ead62faa654b222adfa5ed94674d00388835e4e21eb164d34ed9eb15,.exe,APT12_PoisonIvy_4e878b60.exe,MalwareBazaar,Executable_Malware/APT12/PoisonIvy
APT12,G0005,PoisonIvy,561cb93118fef1966a3233ae7ffd31017823dd5aaad5dc1b2542e717055c197a,.exe,APT12_PoisonIvy_561cb931.exe,MalwareBazaar,Executable_Malware/APT12/PoisonIvy
APT12,G0005,PoisonIvy,8fcfbcab9f13ddc4989295f374607020b0624b3936a48c8f0d532edf8e7d14cc,.exe,APT12_PoisonIvy_8fcfbcab.exe,MalwareBazaar,Executable_Malware/APT12/PoisonIvy
APT12,G0005,PoisonIvy,d31b2bc25b3d1286edf43149286d5be8121a3f73b830dccab120b66c4d7f9a88,.exe,APT12_PoisonIvy_d31b2bc2.exe,MalwareBazaar,Executable_Malware/APT12/PoisonIvy
APT12,G0005,PoisonIvy,e4b36a1d4e70d988efa2ec27e5a639be5eb0880474f746851c13e56f007a8377,.exe,APT12_PoisonIvy_e4b36a1d.exe,MalwareBazaar,Executable_Malware/APT12/PoisonIvy
APT16,G0023,PlugX,05654e79d9be8a607af4170e526415c887f18dd4e5e87d029462caf4ee88c23b,.exe,APT16_PlugX_05654e79.exe,MalwareBazaar,Executable_Malware/APT16/PlugX
APT16,G0023,PlugX,110bcdf438c3d7b6cac2a9e1e74bd555a8c4fa8c5fd0b2dbdd531e1e6aa33e28,.exe,APT16_PlugX_110bcdf4.exe,MalwareBazaar,Executable_Malware/APT16/PlugX
APT16,G0023,PlugX,66a21f652dac624abaffc2c36ed72ade9ac8310cc19bad8757c806c7102b18d7,.exe,APT16_PlugX_66a21f65.exe,MalwareBazaar,Executable_Malware/APT16/PlugX
APT16,G0023,PlugX,a85911d2dcd67f1eb2be927d961a59aca0057bab99d8ec15c7d69f16b2e9e1de,.exe,APT16_PlugX_a85911d2.exe,MalwareBazaar,Executable_Malware/APT16/PlugX
APT16,G0023,PlugX,cd7f042222be8b97780b7db2bc9355b7b806537fc276395729862911fbee336c,.exe,APT16_PlugX_cd7f0422.exe,MalwareBazaar,Executable_Malware/APT16/PlugX
APT16,G0023,PlugX,d8c4af8f448c762cdc23738c21f6dbba2eeb5cb00ac37ebaa5f63da31bfe11b1,.exe,APT16_PlugX_d8c4af8f.exe,MalwareBazaar,Executable_Malware/APT16/PlugX
APT16,G0023,PlugX,dbc3de058d92fc710f4177bd097b8b3a75aeb6a68d2aaf407a7f6c756a187547,.exe,APT16_PlugX_dbc3de05.exe,MalwareBazaar,Executable_Malware/APT16/PlugX
APT16,G0023,PlugX,eb5ca49b476448362c4c86af28fcabc3e9dc5953643a7ae40c9aa154da892444,.exe,APT16_PlugX_eb5ca49b.exe,MalwareBazaar,Executable_Malware/APT16/PlugX
APT17,G0025,PlugX,1a2d69aacba27fb207022bf3487e24683998679f06e7b02d588f12534c605673,.exe,APT17_PlugX_1a2d69aa.exe,MalwareBazaar,Executable_Malware/APT17/PlugX
APT17,G0025,PlugX,1ac9128ce2bcd394e234b8ead94071d7eb0f8c194b517c37a6a657444c54d3a7,.exe,APT17_PlugX_1ac9128c.exe,MalwareBazaar,Executable_Malware/APT17/PlugX
APT17,G0025,PlugX,31f1851d9415c64d5b723643db465a66f9f5082e93a7551bf88abe8d1880b41b,.exe,APT17_PlugX_31f1851d.exe,MalwareBazaar,Executable_Malware/APT17/PlugX
APT17,G0025,PlugX,3ad3c14bb6ff9c9ae95805203ec4077de8907d3344b4f365ffce305bc54b2b8a,.exe,APT17_PlugX_3ad3c14b.exe,MalwareBazaar,Executable_Malware/APT17/PlugX
APT19,G0073,CobaltStrike,31542cced5df141c35a1a803dbc6cb7909942c6167529aa011b7bf7defb687bc,.exe,APT19_CobaltStrike_31542cce.exe,MalwareBazaar,Executable_Malware/APT19/CobaltStrike
APT19,G0073,CobaltStrike,83ee74b0415071f81860b3bf9bb3c07fd8a891f84050dc011f897029ce8c1497,.exe,APT19_CobaltStrike_83ee74b0.exe,MalwareBazaar,Executable_Malware/APT19/CobaltStrike
APT19,G0073,CobaltStrike,9482ba3e12b789f3228d180ec9eeb477fae73f6a1ec2bdbdcb0b0f2a907cb045,.exe,APT19_CobaltStrike_9482ba3e.exe,MalwareBazaar,Executable_Malware/APT19/CobaltStrike
APT19,G0073,CobaltStrike,951f28fa3b1668bdb2b300dac35138c35776d57955f17031d46fc6802ab14fb4,.exe,APT19_CobaltStrike_951f28fa.exe,MalwareBazaar,Executable_Malware/APT19/CobaltStrike
APT19,G0073,CobaltStrike,aed69fa038cef91f4c3ceb6c6265b73c7640b4125ddd527888b53bd652fb2ec1,.exe,APT19_CobaltStrike_aed69fa0.exe,MalwareBazaar,Executable_Malware/APT19/CobaltStrike
APT19,G0073,CobaltStrike,372702d5b4043b62d862daaadda6b5e5c92d0d76d742890816db5f0ae0892a58,.exe,APT19_CobaltStrike_372702d5.exe,MalwareBazaar,Executable_Malware/APT19/CobaltStrike
APT19,G0073,CobaltStrike,70eb836ff3d3026bcc703bef4ebab0a690203d3c595710ae079de66d6af45c4d,.exe,APT19_CobaltStrike_70eb836f.exe,MalwareBazaar,Executable_Malware/APT19/CobaltStrike
APT19,G0073,CobaltStrike,72a595ec26cc06436af13953cd4495b0988f6f57a71b239671a22bde49343c49,.exe,APT19_CobaltStrike_72a595ec.exe,MalwareBazaar,Executable_Malware/APT19/CobaltStrike
APT19,G0073,CobaltStrike,b640c53e2c02f08aa8ca3db62c628abcaa1694ffec33a59d69d88f5e2d1552aa,.exe,APT19_CobaltStrike_b640c53e.exe,MalwareBazaar,Executable_Malware/APT19/CobaltStrike
APT19,G0073,CobaltStrike,d08e658268829d195f5c2621dfb2b99eb03f4caeacba67b462aa908416da49d1,.exe,APT19_CobaltStrike_d08e6582.exe,MalwareBazaar,Executable_Malware/APT19/CobaltStrike
APT28,G0007,XAgent,2383e230c44f405c4171e0db86e9fc04eaeea223860678f0048e862b6ea477a8,.exe,APT28_XAgent_2383e230.exe,MalwareBazaar,Executable_Malware/APT28/XAgent
APT28,G0007,XAgent,516201070aaa2085711cd65d71b59ae200cd1894a7b2f28a7c1ee4560fb6d5ae,.exe,APT28_XAgent_51620107.exe,MalwareBazaar,Executable_Malware/APT28/XAgent
APT28,G0007,Zebrocy,3c93800b31bf6c2897ce2d8ce363c33f3a9cf468adfaa5b0c507de6084970b49,.exe,APT28_Zebrocy_3c93800b.exe,MalwareBazaar,Executable_Malware/APT28/Zebrocy
APT28,G0007,Zebrocy,6449d0cb1396d6feba7fb9e25fb20e9a0a5ef3e8623332844458d73057cf04a1,.exe,APT28_Zebrocy_6449d0cb.exe,MalwareBazaar,Executable_Malware/APT28/Zebrocy
APT28,G0007,Zebrocy,6a542255a23f519b03ca986d96757964150f340e69c9ab8dc14dd70bbcecaba1,.exe,APT28_Zebrocy_6a542255.exe,MalwareBazaar,Executable_Malware/APT28/Zebrocy
APT28,G0007,Zebrocy,6f95235db6548b0173c6e1762a0aed17ff6ebd804ecbfd5e5309a90ede741fda,.exe,APT28_Zebrocy_6f95235d.exe,MalwareBazaar,Executable_Malware/APT28/Zebrocy
APT28,G0007,Zebrocy,e39aa9b3c9b95311fe951541f733972858fe724fb5265247f2b6b37ff97356ef,.exe,APT28_Zebrocy_e39aa9b3.exe,MalwareBazaar,Executable_Malware/APT28/Zebrocy
APT28,G0007,Zebrocy,e54f8994184ecd6af6c66f39a56aa7a3a001bbc450bee656a13c4c962df82a86,.exe,APT28_Zebrocy_e54f8994.exe,MalwareBazaar,Executable_Malware/APT28/Zebrocy
APT28,G0007,Zebrocy,f36a0ee7f4ec23765bb28fbfa734e402042278864e246a54b8c4db6f58275662,.exe,APT28_Zebrocy_f36a0ee7.exe,MalwareBazaar,Executable_Malware/APT28/Zebrocy
APT28,G0007,Zebrocy,fe3b42733c2eba0db8536f660e41bd92e1d57d62e0fce0b9ed844c3e236344b8,.exe,APT28_Zebrocy_fe3b4273.exe,MalwareBazaar,Executable_Malware/APT28/Zebrocy
APT29,G0016,miniduke,b2fcc90a847949cad33044036767c182f4d351bcc0f3e7ee49b49882afbf57a9,.exe,APT29_miniduke_b2fcc90a.exe,MalwareBazaar,Executable_Malware/APT29/miniduke
APT29,G0016,miniduke,b62402660d896c3c694e494a638c80b46d93c5b126ffc2f59c7023d8c5455339,.exe,APT29_miniduke_b6240266.exe,MalwareBazaar,Executable_Malware/APT29/miniduke
APT29,G0016,miniduke,c8f977ded6caa261174a6b6c4bc7ce2db2fc5913ffb37086b6a2d0c13c9e682d,.exe,APT29_miniduke_c8f977de.exe,MalwareBazaar,Executable_Malware/APT29/miniduke
APT29,G0016,miniduke,ca173bac741566c19ba62d3002a3044b064ebcf21a0c2ce4c31e068a3b048c33,.exe,APT29_miniduke_ca173bac.exe,MalwareBazaar,Executable_Malware/APT29/miniduke
APT29,G0016,miniduke,d6d0a7812291ecc34bdf6e9a8b04f3a3d1b64199b177f818e098bb68f316ad5a,.exe,APT29_miniduke_d6d0a781.exe,MalwareBazaar,Executable_Malware/APT29/miniduke
APT29,G0016,miniduke,db84c011e0f14a4b5bfd18cbbc10c285c00c81ecd916de2f85d8649f73bb8573,.exe,APT29_miniduke_db84c011.exe,MalwareBazaar,Executable_Malware/APT29/miniduke
APT29,G0016,miniduke,e149608a3f6640187420e183beb77e551b13d7ad516126822773067708906848,.exe,APT29_miniduke_e149608a.exe,MalwareBazaar,Executable_Malware/APT29/miniduke
APT29,G0016,miniduke,f79d53b259ccbd8c269cc4c9d5bb82b220b7d901c5b753efa430a639d3f86068,.exe,APT29_miniduke_f79d53b2.exe,MalwareBazaar,Executable_Malware/APT29/miniduke
APT29,G0016,miniduke,fb4a446c596738e3d6cbc22a399a32ecaf70803c6a1b319dd5d999fddbdafc85,.exe,APT29_miniduke_fb4a446c.exe,MalwareBazaar,Executable_Malware/APT29/miniduke
APT29,G0016,miniduke,fe3ec424612ee9f58ee61c7baab78964184a9827ee54e380c4f41f2cf876baa5,.exe,APT29_miniduke_fe3ec424.exe,MalwareBazaar,Executable_Malware/APT29/miniduke
APT29,G0016,WellMess,95193266e37a3401a0becace6d41171ab2968ed5289d666043251d05552d02fc,.exe,APT29_WellMess_95193266.exe,MalwareBazaar,Executable_Malware/APT29/WellMess
APT3,G0022,PlugX,246511b11ac092dad686f3c0b99e6445299f0fb72f379b2d06e8a112e02efb03,.exe,APT3_PlugX_246511b1.exe,MalwareBazaar,Executable_Malware/APT3/PlugX
APT3,G0022,PlugX,37cd227f0d5aabed9eedbf30509b5354f075bea3af327c9c0bb8afba7b06e4f6,.dll,APT3_PlugX_37cd227f.dll,MalwareBazaar,Executable_Malware/APT3/PlugX
APT3,G0022,PlugX,6f466f0e001ee50ca00fe7bb525370d9b1f88c40adbde7093392af61219d2695,.exe,APT3_PlugX_6f466f0e.exe,MalwareBazaar,Executable_Malware/APT3/PlugX
APT3,G0022,PlugX,7e19d36f49962f9606608514a34032e5b8af6ca64b97d0986f0c08fada006a70,.exe,APT3_PlugX_7e19d36f.exe,MalwareBazaar,Executable_Malware/APT3/PlugX
APT3,G0022,PlugX,84aa32d0c5eb678f62ba0c24d6f39ed9b61acf261a89ddaa1fb3d9ca392b1231,.exe,APT3_PlugX_84aa32d0.exe,MalwareBazaar,Executable_Malware/APT3/PlugX
APT33,G0064,njRAT,0673c02373e23d216ca24a954c34516890ab98acafcfebd801d2f474dd183659,.exe,APT33_njRAT_0673c023.exe,MalwareBazaar,Executable_Malware/APT33/njRAT
APT33,G0064,njRAT,36f6c3ba39bba88fbb949f9ac6956016bca8301fecc846ebe8f798639e1d8bf6,.exe,APT33_njRAT_36f6c3ba.exe,MalwareBazaar,Executable_Malware/APT33/njRAT
APT33,G0064,njRAT,91c93315b9bbe7f15ea0a21e32e5a7c06a675b2ba53a1b5f01307a9b7060acb2,.exe,APT33_njRAT_91c93315.exe,MalwareBazaar,Executable_Malware/APT33/njRAT
APT33,G0064,njRAT,99cfe13849d87766b3c10e12360915d7ee8201795806d8a2c148f705c3d7dab9,.exe,APT33_njRAT_99cfe138.exe,MalwareBazaar,Executable_Malware/APT33/njRAT
APT39,G0087,Chaos,16fd5dd7a10e10595a4e16a14966bd6306b98efa5ca942778af73396bfb320ba,.exe,APT39_Chaos_16fd5dd7.exe,MalwareBazaar,Executable_Malware/APT39/Chaos
APT39,G0087,Chaos,19b2d144baa5343de7ffad9d60724b7af4dc612e2e456c7a85382adfb4f24e54,.exe,APT39_Chaos_19b2d144.exe,MalwareBazaar,Executable_Malware/APT39/Chaos
APT39,G0087,Chaos,24e627d39dc61efe539ab67a66f55d173b43c7cbae14f4b8204c709d5847d79c,.exe,APT39_Chaos_24e627d3.exe,MalwareBazaar,Executable_Malware/APT39/Chaos
APT39,G0087,Chaos,7e84f42879e6649dc59f4a1f10e77e6fbab29702f1723d63a617cad58b7448b6,.exe,APT39_Chaos_7e84f428.exe,MalwareBazaar,Executable_Malware/APT39/Chaos
APT39,G0087,Chaos,c14140334714625be71b73008adf8f54c878e3c9f979c3e58d6518fb5efdf485,.exe,APT39_Chaos_c1414033.exe,MalwareBazaar,Executable_Malware/APT39/Chaos
APT39,G0087,Chaos,c9205c28eabfe49b13e87c10a15850f1b65fb52b3c352fe34e59c5090df7f712,.exe,APT39_Chaos_c9205c28.exe,MalwareBazaar,Executable_Malware/APT39/Chaos
APT39,G0087,Chaos,d385e5069c4999a4d4161c038443c1682dd33dc578cd7fc9d1d5b2627e41fb5d,.exe,APT39_Chaos_d385e506.exe,MalwareBazaar,Executable_Malware/APT39/Chaos
APT39,G0087,Chaos,d7cd4aa0f2e911c597e3a0878fcd30973923a7244190f1f94d3ff07459a7ea95,.exe,APT39_Chaos_d7cd4aa0.exe,MalwareBazaar,Executable_Malware/APT39/Chaos
APT39,G0087,Chaos,e36f31ef4c568916efe4b46a6a56a2bc45f87b08bb9ce73694f6f5a2caf9e7e1,.exe,APT39_Chaos_e36f31ef.exe,MalwareBazaar,Executable_Malware/APT39/Chaos
APT39,G0087,Chaos,e5f87b3affe34363b730bc1e1150c6ad50f111303baa45e2e7a17110f48afcbe,.exe,APT39_Chaos_e5f87b3a.exe,MalwareBazaar,Executable_Malware/APT39/Chaos
APT41,G0096,ShadowPad,8b557df773156a87f2fe6bf7bb1b10a690e650c08abb924181165ce82d3fc4af,.exe,APT41_ShadowPad_8b557df7.exe,MalwareBazaar,Executable_Malware/APT41/ShadowPad
APT41,G0096,ShadowPad,92d224568617795959723e2cc22d6e244d225c2210758f08965d5844f24feed8,.dll,APT41_ShadowPad_92d22456.dll,MalwareBazaar,Executable_Malware/APT41/ShadowPad
APT41,G0096,ShadowPad,aef610b66b9efd1fa916a38f8ffea8b988c20c5deebf4db83b6be63f7ada2cc0,.exe,APT41_ShadowPad_aef610b6.exe,MalwareBazaar,Executable_Malware/APT41/ShadowPad
APT41,G0096,ShadowPad,b5331eea1d13abaa13cdb56f0bb1fccdd335b8223a09f8eff3f68ef655568fa9,.dll,APT41_ShadowPad_b5331eea.dll,MalwareBazaar,Executable_Malware/APT41/ShadowPad
APT41,G0096,Winnti,0bfc89dbd9ca0289ff721fb550c4959b40cede23cb11095c15e07c76a237d671,.exe,APT41_Winnti_0bfc89db.exe,MalwareBazaar,Executable_Malware/APT41/Winnti
APT41,G0096,Winnti,318f26b4a32e0a62bdaa6bcb536306e33693025f28e9d12359a4c1ef49f35673,.exe,APT41_Winnti_318f26b4.exe,MalwareBazaar,Executable_Malware/APT41/Winnti
APT41,G0096,Winnti,44ae5d2173ef2de82335e4f8c206deaf754f8d413c24c983fa66711baeabffc3,.exe,APT41_Winnti_44ae5d21.exe,MalwareBazaar,Executable_Malware/APT41/Winnti
APT41,G0096,Winnti,4a954f2b0d13c4916fb79c5b78e60979871b1ded51c0fe80bc9e636585a5bd06,.exe,APT41_Winnti_4a954f2b.exe,MalwareBazaar,Executable_Malware/APT41/Winnti
APT41,G0096,Winnti,4cfb1243e8b9e64424f3de3d2144ee512dadd07ba921e0ced38e58e836347c7e,.exe,APT41_Winnti_4cfb1243.exe,MalwareBazaar,Executable_Malware/APT41/Winnti
APT41,G0096,Winnti,562c7815dd2bbe330531f3ba64f189b11669214fc94263cdf961ce5dc833d105,.exe,APT41_Winnti_562c7815.exe,MalwareBazaar,Executable_Malware/APT41/Winnti
APT41,G0096,Winnti,7e785932bf809a672845f139212961959daaa5804e838e5817298c328effdfed,.exe,APT41_Winnti_7e785932.exe,MalwareBazaar,Executable_Malware/APT41/Winnti
APT41,G0096,Winnti,8c210c79c2b7c4ea35fa08d0c994a3ab26f50ee639c497f341b20da965cfbd1b,.exe,APT41_Winnti_8c210c79.exe,MalwareBazaar,Executable_Malware/APT41/Winnti
APT41,G0096,Winnti,cf6be26cbfc87fb85d345f97edd03ddc1f157c57fa3cd60da23a8cba71615842,.exe,APT41_Winnti_cf6be26c.exe,MalwareBazaar,Executable_Malware/APT41/Winnti
APT41,G0096,Winnti,d759e1ec1af4392131aa3aa7f8446f8078d16bb3405b12ed62f123aca95c969c,.exe,APT41_Winnti_d759e1ec.exe,MalwareBazaar,Executable_Malware/APT41/Winnti
Axiom,G0001,Gh0stRAT,1555c7899c1d12d304eab1de1671deae84fd64ab00d42877bb8ac45b6176bc35,.dll,Axiom_Gh0stRAT_1555c789.dll,MalwareBazaar,Executable_Malware/Axiom/Gh0stRAT
Axiom,G0001,Gh0stRAT,2063c4a79c44b398869e1296447f5e687d428113f62f1f22665d8bb5d9c9dda6,.exe,Axiom_Gh0stRAT_2063c4a7.exe,MalwareBazaar,Executable_Malware/Axiom/Gh0stRAT
Axiom,G0001,Gh0stRAT,244478205a3a972443b191ea0b96e199b5c3dd5ad71b2a0d47c7ae73350a7028,.exe,Axiom_Gh0stRAT_24447820.exe,MalwareBazaar,Executable_Malware/Axiom/Gh0stRAT
Axiom,G0001,Gh0stRAT,895b9c1797e3936f23c1d0ee8b8a49470dc56022463c2259e1c982c6a39344a5,.exe,Axiom_Gh0stRAT_895b9c17.exe,MalwareBazaar,Executable_Malware/Axiom/Gh0stRAT
Axiom,G0001,Gh0stRAT,9408a7c93e8115afe26a6a12e8bfce35d741cdc890ee2d08b7dba9eb6bacdde1,.dll,Axiom_Gh0stRAT_9408a7c9.dll,MalwareBazaar,Executable_Malware/Axiom/Gh0stRAT
Axiom,G0001,Gh0stRAT,9b3c017fe3dd226f63696c32f178e58002b78b34a2e0fc2beba3c32aba0046cc,.exe,Axiom_Gh0stRAT_9b3c017f.exe,MalwareBazaar,Executable_Malware/Axiom/Gh0stRAT
Axiom,G0001,Gh0stRAT,c8e9154fec908a53726ff46b273be49e607848f721c200f570ddce7db1ce90b3,.exe,Axiom_Gh0stRAT_c8e9154f.exe,MalwareBazaar,Executable_Malware/Axiom/Gh0stRAT
Axiom,G0001,Gh0stRAT,ccd2c7e01260f822af43e7f2e86a561b316265b0ab6f2e742de135be034c2bdb,.exe,Axiom_Gh0stRAT_ccd2c7e0.exe,MalwareBazaar,Executable_Malware/Axiom/Gh0stRAT
Blue MockingBird,Unknown,XMRig,109e1d9b945b31ec0511e0c9bd2ccbc75247615df3fa82ea1324d6733240a257,.exe,Blue MockingBird_XMRig_109e1d9b.exe,MalwareBazaar,Executable_Malware/Blue MockingBird/XMRig
Blue MockingBird,Unknown,XMRig,5567035c2acdc2d6c03e0ab3374f9f5984986e8d072435a02aade4c475755ba1,.exe,Blue MockingBird_XMRig_5567035c.exe,MalwareBazaar,Executable_Malware/Blue MockingBird/XMRig
Blue MockingBird,Unknown,XMRig,63fb1bb6af66fbe29823c5ac577034207888c3bf23218c96777ec63bf7499afd,.exe,Blue MockingBird_XMRig_63fb1bb6.exe,MalwareBazaar,Executable_Malware/Blue MockingBird/XMRig
Blue MockingBird,Unknown,XMRig,a19efdcdb1497c680ecf90e1ec57778224fd5612e827fd88972915b047344464,.exe,Blue MockingBird_XMRig_a19efdcd.exe,MalwareBazaar,Executable_Malware/Blue MockingBird/XMRig
Blue MockingBird,Unknown,XMRig,fb93e8c6f6fe185d8458875f8f2fc6d787a00ae42643b33379a3c3556969d92e,.exe,Blue MockingBird_XMRig_fb93e8c6.exe,MalwareBazaar,Executable_Malware/Blue MockingBird/XMRig
Bouncing_Golf,G0097,njRAT,2803fb8dfd94517a466f941b6367751e2029d8959775ad02f71acead9e7acd19,.exe,Bouncing_Golf_njRAT_2803fb8d.exe,MalwareBazaar,Executable_Malware/Bouncing_Golf/njRAT
Bouncing_Golf,G0097,njRAT,4071fc34aeb8f79be01d87c119c4e47c8367916c71c0f75e618f3de0e0e5edef,.exe,Bouncing_Golf_njRAT_4071fc34.exe,MalwareBazaar,Executable_Malware/Bouncing_Golf/njRAT
Bouncing_Golf,G0097,njRAT,752cfd986e3997d45fb71a52906f7359b6dc693596de6012455400bc85058efd,.exe,Bouncing_Golf_njRAT_752cfd98.exe,MalwareBazaar,Executable_Malware/Bouncing_Golf/njRAT
Bouncing_Golf,G0097,njRAT,87549c24e84c8785631eca43bffb0338f240324c2f05e1b20cbb9e6329a1b42b,.exe,Bouncing_Golf_njRAT_87549c24.exe,MalwareBazaar,Executable_Malware/Bouncing_Golf/njRAT
BRONZE_BUTLER,G0060,PlugX,2139b14687565fc2f5fcfebeb72b5730f9fb425682df290abdd5c57028eb63a4,.exe,BRONZE_BUTLER_PlugX_2139b146.exe,MalwareBazaar,Executable_Malware/BRONZE_BUTLER/PlugX
BRONZE_BUTLER,G0060,PlugX,349ee8c72be3d0072d39f74418c1fca72caf2de4ba5275fe4651a5e11bc5ebda,.exe,BRONZE_BUTLER_PlugX_349ee8c7.exe,MalwareBazaar,Executable_Malware/BRONZE_BUTLER/PlugX
BRONZE_BUTLER,G0060,PlugX,56bb897162613acf6f05f2f3d3882ecd04c9d48991932f80afd567f09b8adc23,.exe,BRONZE_BUTLER_PlugX_56bb8971.exe,MalwareBazaar,Executable_Malware/BRONZE_BUTLER/PlugX
BRONZE_BUTLER,G0060,PlugX,725e252b9a759587bffe569832c002108b57127dbdc4ed7bddfec04c6a2e1d41,.exe,BRONZE_BUTLER_PlugX_725e252b.exe,MalwareBazaar,Executable_Malware/BRONZE_BUTLER/PlugX
Chimera,G0114,CobaltStrike,38c51d17ed2c10d019f7d29478ce063c83cc5f038ae81aeb586c6597a945a154,.exe,Chimera_CobaltStrike_38c51d17.exe,MalwareBazaar,Executable_Malware/Chimera/CobaltStrike
Chimera,G0114,CobaltStrike,7d9dd12c6c40cbfe5fc2cda1a451bc7c4c58712d5eaab704e6f84d96086ab6a3,.exe,Chimera_CobaltStrike_7d9dd12c.exe,MalwareBazaar,Executable_Malware/Chimera/CobaltStrike
Chimera,G0114,CobaltStrike,7ef087292c363f4cfa66c3daebbfcb3fc6a8edd684746ce392e6235d2d913a6c,.exe,Chimera_CobaltStrike_7ef08729.exe,MalwareBazaar,Executable_Malware/Chimera/CobaltStrike
Chimera,G0114,CobaltStrike,9c9e6c54eb9686f0c1264a96c6b567eeca1b9f9d641cdb746b522ba5b02c5f61,.exe,Chimera_CobaltStrike_9c9e6c54.exe,MalwareBazaar,Executable_Malware/Chimera/CobaltStrike
Chimera,G0114,CobaltStrike,b16d191de9efc473dac2cf858425fdb0a851eb56e10bb9f0cfa9e3f7961c9d42,.exe,Chimera_CobaltStrike_b16d191d.exe,MalwareBazaar,Executable_Malware/Chimera/CobaltStrike
Chimera,G0114,CobaltStrike,b4e6fdd393c8a8768621713667c5e239b0df92cff2741513bdc2b03e3b453082,.exe,Chimera_CobaltStrike_b4e6fdd3.exe,MalwareBazaar,Executable_Malware/Chimera/CobaltStrike
Chimera,G0114,CobaltStrike,c3a066855340166ed4a29115dfb4fc5a8b387a35070d2458a2746dc705621a9a,.exe,Chimera_CobaltStrike_c3a06685.exe,MalwareBazaar,Executable_Malware/Chimera/CobaltStrike
Chimera,G0114,CobaltStrike,c7bd711f61cbf1b73ea7f66eb89070e9d8058a11edb5ea40c74e488efe390335,.exe,Chimera_CobaltStrike_c7bd711f.exe,MalwareBazaar,Executable_Malware/Chimera/CobaltStrike
Chimera,G0114,CobaltStrike,cb349ab1e15994b9f34615263406e468bcba840dc41ffbd829ea06c4e37ed59a,.exe,Chimera_CobaltStrike_cb349ab1.exe,MalwareBazaar,Executable_Malware/Chimera/CobaltStrike
Deep Panda,Unknown,Gh0stRAT,cd99dad8d914e3fba54e450fc20b2b71fb8d0bed3e6da1739db272572be75fe4,.exe,Deep Panda_Gh0stRAT_cd99dad8.exe,MalwareBazaar,Executable_Malware/Deep Panda/Gh0stRAT
Deep Panda,Unknown,Gh0stRAT,dc0adb03fd833ab70b582fc092d5e5e511669abb125c41660e3d4ee3b95163b1,.exe,Deep Panda_Gh0stRAT_dc0adb03.exe,MalwareBazaar,Executable_Malware/Deep Panda/Gh0stRAT
Deep Panda,Unknown,Gh0stRAT,e6a38ba73c731defd3ba9923acd4a45fce77700d8ec535bcd435e341a138157c,.exe,Deep Panda_Gh0stRAT_e6a38ba7.exe,MalwareBazaar,Executable_Malware/Deep Panda/Gh0stRAT
Deep Panda,Unknown,Gh0stRAT,e86c74fc39924e5c86d3ede3098f5c0d5c1655e2414f9b19359f32e35608e670,.exe,Deep Panda_Gh0stRAT_e86c74fc.exe,MalwareBazaar,Executable_Malware/Deep Panda/Gh0stRAT
Dragonfly,G0035,Havex,d5687b5c5cec11c851e84a1d40af3ef52607575487a70224f63458c24481076c,.dll,Dragonfly_Havex_d5687b5c.dll,MalwareBazaar,Executable_Malware/Dragonfly/Havex
Elderwood,G0066,PlugX,08604724f21ca4cc9f5238985dda2355587f35662683a3d89ce24d72da659c7f,.exe,Elderwood_PlugX_08604724.exe,MalwareBazaar,Executable_Malware/Elderwood/PlugX
Elderwood,G0066,PlugX,402911708c8cd474dd4525afcda2dd33e40b5b3095e0b9c11ddd4ffe5e8a4592,.exe,Elderwood_PlugX_40291170.exe,MalwareBazaar,Executable_Malware/Elderwood/PlugX
Elderwood,G0066,PlugX,6042d92bb7e6c87f8116b5d7c1fbb1404b173ec54bc612d23612d4b7ea6332ec,.exe,Elderwood_PlugX_6042d92b.exe,MalwareBazaar,Executable_Malware/Elderwood/PlugX
Elderwood,G0066,PlugX,64300422846596b6e64ac3dcdfb83bbe0a3822651209bcf70e4c18a8778815f5,.exe,Elderwood_PlugX_64300422.exe,MalwareBazaar,Executable_Malware/Elderwood/PlugX
Evilnum,G0120,Evilnum,14fddd8b0874d470e5ad32dc6c986144cfd2a5d954c2a8a8e6012c6f1734a8b3,.exe,Evilnum_Evilnum_14fddd8b.exe,MalwareBazaar,Executable_Malware/Evilnum/Evilnum
Evilnum,G0120,Evilnum,44f55649e322009b3b7affa89714d96696ba4b31ee9e710878eb59632966958b,.exe,Evilnum_Evilnum_44f55649.exe,MalwareBazaar,Executable_Malware/Evilnum/Evilnum
Evilnum,G0120,Evilnum,45749008f5cc4f66ddead58ca19180e595d8b0b787441a520dc18888eb2523ad,.exe,Evilnum_Evilnum_45749008.exe,MalwareBazaar,Executable_Malware/Evilnum/Evilnum
Evilnum,G0120,Evilnum,638dd7a5779b4c2254880bacfa54af4139d0d9f0a036eacda11e6394e9328bd5,.exe,Evilnum_Evilnum_638dd7a5.exe,MalwareBazaar,Executable_Malware/Evilnum/Evilnum
Evilnum,G0120,Evilnum,6f784593ba381e712f106d7a715462e93966a32920873f30196a8846f3777f31,.dll,Evilnum_Evilnum_6f784593.dll,MalwareBazaar,Executable_Malware/Evilnum/Evilnum
Evilnum,G0120,Evilnum,74329f3585df9b4ac4a0bc4476369dc08975201d7fc326d2b0f7b7a4c1eab22b,.dll,Evilnum_Evilnum_74329f35.dll,MalwareBazaar,Executable_Malware/Evilnum/Evilnum
Evilnum,G0120,Evilnum,a998f6728f0b6a94aed57893be633446488a36b810b9142709a3515f9f039f51,.exe,Evilnum_Evilnum_a998f672.exe,MalwareBazaar,Executable_Malware/Evilnum/Evilnum
Evilnum,G0120,Evilnum,b499709cac3be53c29d3dc99571a6fe41550af4ab144aec6af1b100fca052a01,.dll,Evilnum_Evilnum_b499709c.dll,MalwareBazaar,Executable_Malware/Evilnum/Evilnum
Evilnum,G0120,Evilnum,da91bd58fd3f9d3f34567ece2174df950aef08397fcd7bd959fadee9cf423e85,.dll,Evilnum_Evilnum_da91bd58.dll,MalwareBazaar,Executable_Malware/Evilnum/Evilnum
Evilnum,G0120,Evilnum,dc76bb29ef40c3244d41f11a96d4a263dd2d6260cfd0da16d380e3f1a400c5bf,.exe,Evilnum_Evilnum_dc76bb29.exe,MalwareBazaar,Executable_Malware/Evilnum/Evilnum
Evilnum,G0120,Evilnum,dfe380e5cd3c076dca473f0a8cfafb7519c5280bcfddcba5f34324dc8b727c14,.exe,Evilnum_Evilnum_dfe380e5.exe,MalwareBazaar,Executable_Malware/Evilnum/Evilnum
Evilnum,G0120,Evilnum,f70c4044cff54d7bb32634d189f5ac234091f53a5acce9f17dcfefca4c22b397,.exe,Evilnum_Evilnum_f70c4044.exe,MalwareBazaar,Executable_Malware/Evilnum/Evilnum
Evilnum,G0120,Evilnum,f934c685506a5fc30ba4c63a14f81c2c51863a264c498186234b2edf7d05e51d,.exe,Evilnum_Evilnum_f934c685.exe,MalwareBazaar,Executable_Malware/Evilnum/Evilnum
FIN7,G0046,Carbank,1627864360a89600e3af3ed18127844331999de65909cd1ef8af371c10c1eec4,.exe,FIN7_Carbank_16278643.exe,MalwareBazaar,Executable_Malware/FIN7/Carbank
FIN7,G0046,Carbank,16d2e5a617f5ab0170c869dbfe68087d21d4e6923d60e0ea58cc6cabe353da0c,.exe,FIN7_Carbank_16d2e5a6.exe,MalwareBazaar,Executable_Malware/FIN7/Carbank
FIN7,G0046,Carbank,48d208b87b29d50bb160f336c94b681e232b0f90e8c02175e593d60737369c13,.exe,FIN7_Carbank_48d208b8.exe,MalwareBazaar,Executable_Malware/FIN7/Carbank
FIN7,G0046,Carbank,5ddea1187e48e56a27f1878198a899c68a4a690105eb8bc5d687a698a94d64d3,.exe,FIN7_Carbank_5ddea118.exe,MalwareBazaar,Executable_Malware/FIN7/Carbank
FIN7,G0046,Carbank,64d66908a9872c8ab1733d34ee664910cdd729925aa9fc61cae68dc3e6367efb,.dll,FIN7_Carbank_64d66908.dll,MalwareBazaar,Executable_Malware/FIN7/Carbank
GALLIUM,G0093,Gh0stRAT,4399c0889ab9ce999f4724d78f372dab4f2d31e1c4b229c409f1c6da942be435,.exe,GALLIUM_Gh0stRAT_4399c088.exe,MalwareBazaar,Executable_Malware/GALLIUM/Gh0stRAT
GALLIUM,G0093,Gh0stRAT,6152b2d71d575a61f12a0d7cc56ac04387493c330b1fb8c934f5e1b9f755ef53,.exe,GALLIUM_Gh0stRAT_6152b2d7.exe,MalwareBazaar,Executable_Malware/GALLIUM/Gh0stRAT
GALLIUM,G0093,Gh0stRAT,8507309e3f00c1258d632b4de937dd9540751e56e6276d7226dd6c916456a763,.exe,GALLIUM_Gh0stRAT_8507309e.exe,MalwareBazaar,Executable_Malware/GALLIUM/Gh0stRAT
Gallmaker,G0084,CobaltStrike,06c5648589d017e77829d3d74fbc21dfd3719987d5b8c0b01280381d7fefafab,.exe,Gallmaker_CobaltStrike_06c56485.exe,MalwareBazaar,Executable_Malware/Gallmaker/CobaltStrike
Gallmaker,G0084,CobaltStrike,2d4a1278d1a5ecf0bec1a08cccfb1ed7046b900a94488b3f6bd6cddf5af9a96c,.exe,Gallmaker_CobaltStrike_2d4a1278.exe,MalwareBazaar,Executable_Malware/Gallmaker/CobaltStrike
Gallmaker,G0084,CobaltStrike,4efed12ee9efb51b6f0141b58bd5e15398000f096024fd48318651d7bdb68d92,.exe,Gallmaker_CobaltStrike_4efed12e.exe,MalwareBazaar,Executable_Malware/Gallmaker/CobaltStrike
Gallmaker,G0084,CobaltStrike,7d9a831dc5c66eb1df2cfa737c5a452b6dcc150c38f1036a2941db6105f3e612,.exe,Gallmaker_CobaltStrike_7d9a831d.exe,MalwareBazaar,Executable_Malware/Gallmaker/CobaltStrike
Gallmaker,G0084,CobaltStrike,ccf101ea9a1ae213b93a7d9b6dc7295803ec7003024966da49f5f7c8438a4145,.exe,Gallmaker_CobaltStrike_ccf101ea.exe,MalwareBazaar,Executable_Malware/Gallmaker/CobaltStrike
Gallmaker,G0084,CobaltStrike,d7d58cc400789cd519a9fce6347907f1cc6fc0e620f2ad844638ed2e8ac547f8,.exe,Gallmaker_CobaltStrike_d7d58cc4.exe,MalwareBazaar,Executable_Malware/Gallmaker/CobaltStrike
Gallmaker,G0084,CobaltStrike,e07574109864252e8a4145bc523a7723dfb1066960254192efc8841c1f1de8de,.exe,Gallmaker_CobaltStrike_e0757410.exe,MalwareBazaar,Executable_Malware/Gallmaker/CobaltStrike
Gallmaker,G0084,CobaltStrike,ed8f995184e5d9e36f6ed292aa08f28a361aaf906a0346f0325be7d29556708f,.exe,Gallmaker_CobaltStrike_ed8f9951.exe,MalwareBazaar,Executable_Malware/Gallmaker/CobaltStrike
Gamaredon,G0047,Gamarue,311a169948118631f7d12ec0315f7d6c3e35709db01d8e9a04b82237bf8635bc,.dll,Gamaredon_Gamarue_311a1699.dll,MalwareBazaar,Executable_Malware/Gamaredon/Gamarue
Gamaredon,G0047,Gamarue,668f0c386b3bbb4b600665b4f05ef84d4e407f4079945f0085074be78cd9645d,.dll,Gamaredon_Gamarue_668f0c38.dll,MalwareBazaar,Executable_Malware/Gamaredon/Gamarue
Gamaredon,G0047,Gamarue,8d274190a406c8cf7f5a94b192c51fd57d81df76e5b67419016dad39a5340fcd,.dll,Gamaredon_Gamarue_8d274190.dll,MalwareBazaar,Executable_Malware/Gamaredon/Gamarue
Gamaredon,G0047,Gamarue,9e6dbb539512eaeb0a3762fdf687ee2ef5a1fcbb854f4ab0a488fe2d245d6fbf,.dll,Gamaredon_Gamarue_9e6dbb53.dll,MalwareBazaar,Executable_Malware/Gamaredon/Gamarue
Gamaredon,G0047,Gamarue,a01a791360b08647fb7c57cf728b72d061298c3b3d73c6618d8e07ff4b3b5a2d,.dll,Gamaredon_Gamarue_a01a7913.dll,MalwareBazaar,Executable_Malware/Gamaredon/Gamarue
Gamaredon,G0047,Gamarue,b0177005b293c7eca3edba4cfd155727d6222a09d2010f7fc19285aff2ead90c,.dll,Gamaredon_Gamarue_b0177005.dll,MalwareBazaar,Executable_Malware/Gamaredon/Gamarue
Gamaredon,G0047,Pterodo,cb0d151d930b17f6376c18aa15fd976eac53d6f07d065fc27c40b466e3bc49aa,.exe,Gamaredon_Pterodo_cb0d151d.exe,MalwareBazaar,Executable_Malware/Gamaredon/Pterodo
Ke3chang,G0004,Gh0stRAT,05a738bbfd1432db2ed33749070bf8ccf6d67ada6bb69f9ffc3d0042ef05a820,.exe,Ke3chang_Gh0stRAT_05a738bb.exe,MalwareBazaar,Executable_Malware/Ke3chang/Gh0stRAT
Ke3chang,G0004,Gh0stRAT,08b99583611ee222b5989af12eedc07ea0b39bd7af1bf68f04a8cc4a14ab47bc,.exe,Ke3chang_Gh0stRAT_08b99583.exe,MalwareBazaar,Executable_Malware/Ke3chang/Gh0stRAT
Ke3chang,G0004,Gh0stRAT,25e9a59bf9a9c9d4cb8861c23570eb7b62aaa2ff23c3fe6dd4f5c44351a60b7e,.exe,Ke3chang_Gh0stRAT_25e9a59b.exe,MalwareBazaar,Executable_Malware/Ke3chang/Gh0stRAT
Ke3chang,G0004,Gh0stRAT,4a69639afc8f9f53c5e1ca363272aba3740be5ad628a4ab803ec7b8a24f75d38,.exe,Ke3chang_Gh0stRAT_4a69639a.exe,MalwareBazaar,Executable_Malware/Ke3chang/Gh0stRAT
Ke3chang,G0004,Gh0stRAT,8fa4c7d17970cf92b74ee61b5e80b60e887b4b2648b485cbe1100ea1b5556357,.exe,Ke3chang_Gh0stRAT_8fa4c7d1.exe,MalwareBazaar,Executable_Malware/Ke3chang/Gh0stRAT
menuPass,G0045,PlugX,acaca01c50593baec374ee41013a11a766a6c4ce4c24df05a5f0d9b6af2c4543,.exe,menuPass_PlugX_acaca01c.exe,MalwareBazaar,Executable_Malware/menuPass/PlugX
menuPass,G0045,PlugX,accb618038ce227f56a56aa47d92e35a9e8346ab40dc1b8254751a5e127c247e,.exe,menuPass_PlugX_accb6180.exe,MalwareBazaar,Executable_Malware/menuPass/PlugX
menuPass,G0045,PlugX,bb14728459929940d4a7c6fd636177faacc0a23e4f75e526f12259e78a3853e7,.exe,menuPass_PlugX_bb147284.exe,MalwareBazaar,Executable_Malware/menuPass/PlugX
menuPass,G0045,PlugX,c5187ef23966473b2c90bd1d4cac674cd2bd8cfa9ddd193286ec252f744184b6,.exe,menuPass_PlugX_c5187ef2.exe,MalwareBazaar,Executable_Malware/menuPass/PlugX
menuPass,G0045,QuasarRAT,17cef7d32507058e108b9fa76c2ec94dafd788677b88595e86dd99c6a6d13fea,.exe,menuPass_QuasarRAT_17cef7d3.exe,MalwareBazaar,Executable_Malware/menuPass/QuasarRAT
menuPass,G0045,QuasarRAT,303ef2f8f028c4ff2892f4775c7e304a1d5588945c51c6941233bba3423b41fc,.exe,menuPass_QuasarRAT_303ef2f8.exe,MalwareBazaar,Executable_Malware/menuPass/QuasarRAT
menuPass,G0045,QuasarRAT,a29c47c23e0a307573df263f717c7816f346fdd053076d904ef5d20106e384aa,.exe,menuPass_QuasarRAT_a29c47c2.exe,MalwareBazaar,Executable_Malware/menuPass/QuasarRAT
menuPass,G0045,QuasarRAT,a73a00345158164f291fbbc9b78e5ac3a43f7fb6d66549de0e2b379b00b59b73,.exe,menuPass_QuasarRAT_a73a0034.exe,MalwareBazaar,Executable_Malware/menuPass/QuasarRAT
Moafee,G0002,Gh0stRAT,c369ab1e4d63550f5e9ff7944e2f5c3abe95e7a4918c5e6432f404df5ebf0db7,.exe,Moafee_Gh0stRAT_c369ab1e.exe,MalwareBazaar,Executable_Malware/Moafee/Gh0stRAT
Moafee,G0002,Gh0stRAT,c9fc0c580e2cd2e376e7103422b581255da63295b94a96cd9121afa467a6583a,.dll,Moafee_Gh0stRAT_c9fc0c58.dll,MalwareBazaar,Executable_Malware/Moafee/Gh0stRAT
Moafee,G0002,Gh0stRAT,ca9b55e5dd0643075bf167d6cb3e6011aebe7b2cdcbcc335c4794aee97477901,.exe,Moafee_Gh0stRAT_ca9b55e5.exe,MalwareBazaar,Executable_Malware/Moafee/Gh0stRAT
Moafee,G0002,Gh0stRAT,d45faeb90d706476c2ad52c183c4ca2e2d72fe2bf840d0f38b83193997a2cdde,.exe,Moafee_Gh0stRAT_d45faeb9.exe,MalwareBazaar,Executable_Malware/Moafee/Gh0stRAT
Patchwork,G0040,QuasarRAT,16b2789f485c9dd68380887a499dac1c14dd66cc87628133b8e08c1fef1c1a41,.exe,Patchwork_QuasarRAT_16b2789f.exe,MalwareBazaar,Executable_Malware/Patchwork/QuasarRAT
Patchwork,G0040,QuasarRAT,2f6fa9fa9d46eda7bb675550fff9ce2b075ac46bdbf95a2e3e46aa72b06aa84c,.exe,Patchwork_QuasarRAT_2f6fa9fa.exe,MalwareBazaar,Executable_Malware/Patchwork/QuasarRAT
Patchwork,G0040,QuasarRAT,3a7772e29f89c0844024b2a9529109212fc15c824810bd52188a14fffcfb5571,.exe,Patchwork_QuasarRAT_3a7772e2.exe,MalwareBazaar,Executable_Malware/Patchwork/QuasarRAT
Patchwork,G0040,QuasarRAT,5f07c5c4e0e7154e891a3639f76c658eb6488c33d7e551c3bdf655955acb4765,.exe,Patchwork_QuasarRAT_5f07c5c4.exe,MalwareBazaar,Executable_Malware/Patchwork/QuasarRAT
Patchwork,G0040,QuasarRAT,6e2f8c1a53a04332f9e7df00b6b0fc583e7c1dd20d570f503b57294c5e6b977f,.exe,Patchwork_QuasarRAT_6e2f8c1a.exe,MalwareBazaar,Executable_Malware/Patchwork/QuasarRAT
Patchwork,G0040,QuasarRAT,c516f7ead2da1acb25836c6b43db1401b492ce29c0b3d5f07c23ba38c0518115,.exe,Patchwork_QuasarRAT_c516f7ea.exe,MalwareBazaar,Executable_Malware/Patchwork/QuasarRAT
Patchwork,G0040,QuasarRAT,c578e28521bcd382a1de202fab09533d0fa7099a1f7c1b66f0760a43205521fd,.exe,Patchwork_QuasarRAT_c578e285.exe,MalwareBazaar,Executable_Malware/Patchwork/QuasarRAT
Patchwork,G0040,QuasarRAT,cd100ddc8f101788f2f74afcf44e9cbfcd41139431901c8783505f551986b2a7,.exe,Patchwork_QuasarRAT_cd100ddc.exe,MalwareBazaar,Executable_Malware/Patchwork/QuasarRAT
Patchwork,G0040,QuasarRAT,e8b13c084533e4ae24ea404d7bd849554af93071e62c61ef47f7f98cd8d62e31,.exe,Patchwork_QuasarRAT_e8b13c08.exe,MalwareBazaar,Executable_Malware/Patchwork/QuasarRAT
Sandworm Team,Unknown,BlackEnergy,66dd045cb0903e4cf3923792fe55834600a7ec086a0be3f2e3ee32f203dbf001,.exe,Sandworm Team_BlackEnergy_66dd045c.exe,MalwareBazaar,Executable_Malware/Sandworm Team/BlackEnergy
Sandworm Team,Unknown,industroyer,21c1fdd6cfd8ec3ffe3e922f944424b543643dbdab99fa731556f8805b0d5561,.exe,Sandworm Team_industroyer_21c1fdd6.exe,MalwareBazaar,Executable_Malware/Sandworm Team/industroyer
Sandworm Team,Unknown,industroyer,750cbba9a36859b978bfe5f082be44815027bc74dc2728210abbcba828ce6f56,.exe,Sandworm Team_industroyer_750cbba9.exe,MalwareBazaar,Executable_Malware/Sandworm Team/industroyer
Sandworm Team,Unknown,industroyer,cda9310715b7a12f47b7c134260d5ff9200c147fc1d05f030e507e57e3582327,.exe,Sandworm Team_industroyer_cda93107.exe,MalwareBazaar,Executable_Malware/Sandworm Team/industroyer
Sandworm Team,Unknown,industroyer,d69665f56ddef7ad4e71971f06432e59f1510a7194386e5f0e8926aea7b88e00,.exe,Sandworm Team_industroyer_d69665f5.exe,MalwareBazaar,Executable_Malware/Sandworm Team/industroyer
Sandworm Team,Unknown,industroyer,ea16cb89129ab062843c84f6c6661750f18592b051549b265aaf834e100cd6fc,.exe,Sandworm Team_industroyer_ea16cb89.exe,MalwareBazaar,Executable_Malware/Sandworm Team/industroyer
Sidewinder,G0121,njRAT,8453450211f1fd3c59260717cef1872a85a303345d8175696c699fa0bdd197c7,.exe,Sidewinder_njRAT_84534502.exe,MalwareBazaar,Executable_Malware/Sidewinder/njRAT
Sidewinder,G0121,njRAT,85054678344fc1788233d45cb5e882d8442191481107f2114bb73eda1ce6257d,.exe,Sidewinder_njRAT_85054678.exe,MalwareBazaar,Executable_Malware/Sidewinder/njRAT
Sidewinder,G0121,njRAT,c3e46c68374a1d99517a02cad04e2a4cb941f639f6719153a5a9a0e56099c2a6,.exe,Sidewinder_njRAT_c3e46c68.exe,MalwareBazaar,Executable_Malware/Sidewinder/njRAT
Sidewinder,G0121,njRAT,ca9887cbe15fed624a91da0c3bd53dbd38ae693b61703e3a6b7d6be2916fb650,.exe,Sidewinder_njRAT_ca9887cb.exe,MalwareBazaar,Executable_Malware/Sidewinder/njRAT
Sidewinder,G0121,njRAT,d56202b326d49ee41b712c7f61305fe4a811c5415dac201eb989230c6442eb8d,.exe,Sidewinder_njRAT_d56202b3.exe,MalwareBazaar,Executable_Malware/Sidewinder/njRAT
Sidewinder,G0121,njRAT,db1263c03e7e680160e07f61612e819bd58274939618b0ce00a55a1dd46acc09,.exe,Sidewinder_njRAT_db1263c0.exe,MalwareBazaar,Executable_Malware/Sidewinder/njRAT
Sidewinder,G0121,njRAT,e71d93f19a3e41004e671b5e107177d6fd0f9a83b6b4791ce4b1853bd6620da3,.exe,Sidewinder_njRAT_e71d93f1.exe,MalwareBazaar,Executable_Malware/Sidewinder/njRAT
Sidewinder,G0121,njRAT,e7970266d974e4653952106e56856dbf4fa04f1ec03001c77b44c4648b1c9386,.exe,Sidewinder_njRAT_e7970266.exe,MalwareBazaar,Executable_Malware/Sidewinder/njRAT
Sidewinder,G0121,QuasarRAT,333895a4615ea1dedf4f0cc796d912ccec7384c7157f9e3bda2e6d27e392a9d2,.exe,Sidewinder_QuasarRAT_333895a4.exe,MalwareBazaar,Executable_Malware/Sidewinder/QuasarRAT
Sidewinder,G0121,QuasarRAT,70555ddccdac70f3a534873f3e1049191e6a3f2b2e994b467d8ba663942a69c1,.exe,Sidewinder_QuasarRAT_70555ddc.exe,MalwareBazaar,Executable_Malware/Sidewinder/QuasarRAT
Sidewinder,G0121,QuasarRAT,80d8926421adb3426b815a4851c5a560cb65dcc73dfb45a56bc9d555fcb3bcf6,.exe,Sidewinder_QuasarRAT_80d89264.exe,MalwareBazaar,Executable_Malware/Sidewinder/QuasarRAT
Sidewinder,G0121,QuasarRAT,88defe8ebf09e975d9e7891540a650f9fb598b22bf1bd11b3730e7e2da10ef03,.exe,Sidewinder_QuasarRAT_88defe8e.exe,MalwareBazaar,Executable_Malware/Sidewinder/QuasarRAT
Sidewinder,G0121,QuasarRAT,a0e52c62b620f7c7318fd87ec6d4d4a6e1141fab03e8f88e02cea45e2689fe95,.exe,Sidewinder_QuasarRAT_a0e52c62.exe,MalwareBazaar,Executable_Malware/Sidewinder/QuasarRAT
Sidewinder,G0121,QuasarRAT,ac631ad518856b80393ddf23bfea4d37a56382239bffb66d8093e447751d1764,.exe,Sidewinder_QuasarRAT_ac631ad5.exe,MalwareBazaar,Executable_Malware/Sidewinder/QuasarRAT
Sidewinder,G0121,QuasarRAT,bed0d15d8fdecc0f9ef6d51cf68e2bbe494ff77ac87d9e0315728268a8676488,.exe,Sidewinder_QuasarRAT_bed0d15d.exe,MalwareBazaar,Executable_Malware/Sidewinder/QuasarRAT
Sidewinder,G0121,QuasarRAT,c4b5ceb8548ddd26b182f38f06f6f912cc1f14ec0327ad563bee16c35755f499,.exe,Sidewinder_QuasarRAT_c4b5ceb8.exe,MalwareBazaar,Executable_Malware/Sidewinder/QuasarRAT
Sidewinder,G0121,QuasarRAT,c5d866b65ed5d80f7700d8f08799bf86dab7d65f0f6f867b73ad967426c0d1fd,.exe,Sidewinder_QuasarRAT_c5d866b6.exe,MalwareBazaar,Executable_Malware/Sidewinder/QuasarRAT
Sidewinder,G0121,QuasarRAT,c60d0d78fc78d9a72315149a6c15f6fbe4e329e189298593aa31bfa124a28406,.exe,Sidewinder_QuasarRAT_c60d0d78.exe,MalwareBazaar,Executable_Malware/Sidewinder/QuasarRAT
Turla,G0010,snake,18d6578597cd7ae049bca4cd384f433e76a9450487b546b969e6bdd501374645,.exe,Turla_snake_18d65785.exe,MalwareBazaar,Executable_Malware/Turla/snake
Turla,G0010,snake,3fdee37db1ff6a12e661722be3f41328fad0de6d6191663e00e4ba278e66c92c,.exe,Turla_snake_3fdee37d.exe,MalwareBazaar,Executable_Malware/Turla/snake
Turla,G0010,snake,43c461a4a1a5fd99d59ce9658684d98ad58066bf43e287e2cff4556db6491d17,.exe,Turla_snake_43c461a4.exe,MalwareBazaar,Executable_Malware/Turla/snake
Turla,G0010,snake,4b7a405d2d1a9411a60f5316c9a77c64955683686aec9d2aa74527d177f6ada6,.exe,Turla_snake_4b7a405d.exe,MalwareBazaar,Executable_Malware/Turla/snake
Turla,G0010,snake,5372feb26154af8cce542c549282b296c94cc8fac8f6dfd64662c10f8050564b,.exe,Turla_snake_5372feb2.exe,MalwareBazaar,Executable_Malware/Turla/snake
Turla,G0010,snake,602e7534f0deeb7d99942cf865cbdd5602946728ec7487319c8ae9dd7f4e4eeb,.exe,Turla_snake_602e7534.exe,MalwareBazaar,Executable_Malware/Turla/snake
Turla,G0010,snake,6be46812dca2e243c3cff4680df088b68478233a4d71535dde80fb2b720e3f48,.exe,Turla_snake_6be46812.exe,MalwareBazaar,Executable_Malware/Turla/snake
Turla,G0010,snake,c9e504d56ed71be71383b1beff6eb417d558387ec1e1a1e7d791dc1fab5b6701,.exe,Turla_snake_c9e504d5.exe,MalwareBazaar,Executable_Malware/Turla/snake
Turla,G0010,snake,e8c96e9b3d270abd9522f17ab7d493d91099e9b0d637b792d686b6536a59ec7e,.exe,Turla_snake_e8c96e9b.exe,MalwareBazaar,Executable_Malware/Turla/snake
Turla,G0010,snake,f3110b41a4006ad3afc849b446e32470b1acafbd46e7a54cfa2a53ca8b581af7,.exe,Turla_snake_f3110b41.exe,MalwareBazaar,Executable_Malware/Turla/snake
Ajax_Security,G0130,Nanocore,25f83a2bd32f8049fb1c3266b320d5bcbd0326852e25d4823cce360c39778830,.vbs,Ajax_Security_Nanocore_25f83a2b.vbs,MalwareBazaar,Other_Payloads/Ajax_Security/Nanocore
Ajax_Security,G0130,Nanocore,bdd657a4d1e7c77a3ecb7a1d62ad4feb8d5562a6eb29470837262465cca0a234,.vbs,Ajax_Security_Nanocore_bdd657a4.vbs,MalwareBazaar,Other_Payloads/Ajax_Security/Nanocore
Ajax_Security,G0130,Nanocore,ff221c26a6ad233a179ede24b8156649e2e4338af867571943a2f114650bffa2,.doc,Ajax_Security_Nanocore_ff221c26.doc,MalwareBazaar,Other_Payloads/Ajax_Security/Nanocore
APT19,G0073,CobaltStrike,0b41ad678426a4712683dc4f7693b3b94554b5f9b68beef945b6b699b61822a7,.xlsm,APT19_CobaltStrike_0b41ad67.xlsm,MalwareBazaar,Other_Payloads/APT19/CobaltStrike
APT19,G0073,CobaltStrike,7d1fbe79df80ed442093510023b383c42749c4a689c1590f2d288402392e58e0,.docx,APT19_CobaltStrike_7d1fbe79.docx,MalwareBazaar,Other_Payloads/APT19/CobaltStrike
APT19,G0073,CobaltStrike,96db5d52f4addf46b0a41d45351a52041d9e5368aead642402db577bcb33cc3d,.doc,APT19_CobaltStrike_96db5d52.doc,MalwareBazaar,Other_Payloads/APT19/CobaltStrike
APT28,G0007,Powershell,af2d83008fff89591cf33cdbadf50b3d9eaa68d3057eda9b4f04a771121d2abc,.ps1,APT28_Powershell_af2d8300.ps1,MalwareBazaar,Other_Payloads/APT28/Powershell
APT28,G0007,Powershell,b9d3848d39e24af3feef53b9cce4201c7503da827bd663c51a94766d75caeabb,.ps1,APT28_Powershell_b9d3848d.ps1,MalwareBazaar,Other_Payloads/APT28/Powershell
APT28,G0007,Powershell,fafb855519e1404ba4300e7beabe44c20172042582b1658b79e589206ff5c2e6,.ps1,APT28_Powershell_fafb8555.ps1,MalwareBazaar,Other_Payloads/APT28/Powershell
APT33,G0064,Nanocore,c4b066fb890720e472c5620375ee0d24dddfb222a5c8384c8613e486ec38cbbd,.vbs,APT33_Nanocore_c4b066fb.vbs,MalwareBazaar,Other_Payloads/APT33/Nanocore
APT33,G0064,Nanocore,c6092b1788722f82280d3dca79784556df6b8203f4d8f271c327582dd9dcf6e1,.vbs,APT33_Nanocore_c6092b17.vbs,MalwareBazaar,Other_Payloads/APT33/Nanocore
APT33,G0064,Nanocore,e25240231baa27e14f83428e060074197a63affbcf6f1c7990aa4a3115d4b7fd,.doc,APT33_Nanocore_e2524023.doc,MalwareBazaar,Other_Payloads/APT33/Nanocore
APT33,G0064,Nanocore,fbeaaff51575496bb602960afd1903be389c7f405a249ea5e630ae8d53a50154,.js,APT33_Nanocore_fbeaaff5.js,MalwareBazaar,Other_Payloads/APT33/Nanocore
APT33,G0064,njRAT,1d03bf975d8312c7578ceb8f9c8c9d471196806810613aaef602fb6bca22c022,.js,APT33_njRAT_1d03bf97.js,MalwareBazaar,Other_Payloads/APT33/njRAT
APT33,G0064,njRAT,c8c9e025e42f1c2b492f532c853e0a55278ce6fd95cf63cc6185e64402055fc0,.js,APT33_njRAT_c8c9e025.js,MalwareBazaar,Other_Payloads/APT33/njRAT
APT39,G0087,HTA,6a66c3c74abfca0765da7eb318c6e24774b82315c487003628cfe61e380edda7,.hta,APT39_HTA_6a66c3c7.hta,MalwareBazaar,Other_Payloads/APT39/HTA
APT39,G0087,HTA,91f73df83738ba273840a0378f9d2b9e196c2ac41f1d2f66bf653a33297e1334,.hta,APT39_HTA_91f73df8.hta,MalwareBazaar,Other_Payloads/APT39/HTA
APT39,G0087,HTA,b0fe186b7f1ac1ee42a7db80c5e02fb173c96ee8943081079a05bd58d5dfe46e,.hta,APT39_HTA_b0fe186b.hta,MalwareBazaar,Other_Payloads/APT39/HTA
APT39,G0087,RemcosRAT,7eab4d2fbc01c32c04781a9d2f88f911cce2e2de54920a0a9e8f5777300518c3,.vbs,APT39_RemcosRAT_7eab4d2f.vbs,MalwareBazaar,Other_Payloads/APT39/RemcosRAT
APT39,G0087,RemcosRAT,90d552da574192494b4280a1ee733f0c8238f5e07e80b31f4b8e028ba88ee7ea,.vbs,APT39_RemcosRAT_90d552da.vbs,MalwareBazaar,Other_Payloads/APT39/RemcosRAT
APT39,G0087,RemcosRAT,9a0b0c82b59b94ed13551ddc8c79fa368db4db052c90cdfbc9aa38bf8df3bff4,.vbs,APT39_RemcosRAT_9a0b0c82.vbs,MalwareBazaar,Other_Payloads/APT39/RemcosRAT
APT39,G0087,RemcosRAT,d5a643d1bfa474ce4e0edde403008bfcf0c8d7505696776700e35a5fb6f4f164,.vbs,APT39_RemcosRAT_d5a643d1.vbs,MalwareBazaar,Other_Payloads/APT39/RemcosRAT
APT39,G0087,RemcosRAT,fbd4e59df6c46f8647bb4f2992cbb65a58909e5c941b4b3a9f91db73d42cd5aa,.doc,APT39_RemcosRAT_fbd4e59d.doc,MalwareBazaar,Other_Payloads/APT39/RemcosRAT
Cobalt_Group,G0080,CobaltStrike,b32d1a6a05e8e6b38f61f6b38d96e8ac79e83301eee36583c1f2e0ab7494d729,.ps1,Cobalt_Group_CobaltStrike_b32d1a6a.ps1,MalwareBazaar,Other_Payloads/Cobalt_Group/CobaltStrike
Deep_Panda,G0009,Poisonlvy,86a77f7599cfc657dcd4e8c7da3fca28831b1c55d6d7bbdcd0530c8178828e25,.vbs,Deep_Panda_Poisonlvy_86a77f75.vbs,MalwareBazaar,Other_Payloads/Deep_Panda/Poisonlvy
Deep_Panda,G0009,Poisonlvy,97193126a40ebcce9e9210c32a243e18974a01506e071aeecf8c3777da405e79,.vbs,Deep_Panda_Poisonlvy_97193126.vbs,MalwareBazaar,Other_Payloads/Deep_Panda/Poisonlvy
Deep_Panda,G0009,Poisonlvy,b7943b81e7cedd89e9d0e38813c5773b6e02878571cfa6f55599777aea9313cf,.vbs,Deep_Panda_Poisonlvy_b7943b81.vbs,MalwareBazaar,Other_Payloads/Deep_Panda/Poisonlvy
Deep_Panda,G0009,Poisonlvy,bc4096fc2241907a747764d2f4407823d5ca9a8367f5ce07610a3b070b18e2b4,.vbs,Deep_Panda_Poisonlvy_bc4096fc.vbs,MalwareBazaar,Other_Payloads/Deep_Panda/Poisonlvy
Deep_Panda,G0009,Poisonlvy,f74fddab404e8ea4b99143cef693822b21f069633cd5a458e9fa49692e29ae68,.vbs,Deep_Panda_Poisonlvy_f74fddab.vbs,MalwareBazaar,Other_Payloads/Deep_Panda/Poisonlvy
FIN7,G0046,Hancitor,0d63a07885cc5354ab4e12943f3be5ef3b8372c3f36645cee0a266d38322789e,.docx,FIN7_Hancitor_0d63a078.docx,MalwareBazaar,Other_Payloads/FIN7/Hancitor
FIN7,G0046,Hancitor,36d770b5adb7a600bc9c442c817fb22b60d95dbf2a2b20cb7ed652ee28b59d45,.docx,FIN7_Hancitor_36d770b5.docx,MalwareBazaar,Other_Payloads/FIN7/Hancitor
FIN7,G0046,Hancitor,7741f93bcb75d971a699c57c352c1a0803c0eb4eea658b2fd54c7d97999bed55,.docx,FIN7_Hancitor_7741f93b.docx,MalwareBazaar,Other_Payloads/FIN7/Hancitor
FIN7,G0046,Macro,57cd4253d259a328cdd6e704b52d6c62252839265c4e402ba0c7d5f95aba1775,.doc,FIN7_Macro_57cd4253.doc,MalwareBazaar,Other_Payloads/FIN7/Macro
FIN7,G0046,Macro,801866347c9b21104cce1a80b2a77015b88d9486b19e6133345458fe2a7d3345,.doc,FIN7_Macro_80186634.doc,MalwareBazaar,Other_Payloads/FIN7/Macro
FIN7,G0046,Macro,a10bf5feb936b7ddc7ffa53fde64841983322d1d80add86e5b4c89b224715a25,.docx,FIN7_Macro_a10bf5fe.docx,MalwareBazaar,Other_Payloads/FIN7/Macro
FIN7,G0046,Macro,c74441bb3efbd6243efde0045134c7c55c794985bf7a321a6dd475f9c795f6ac,.xls,FIN7_Macro_c74441bb.xls,MalwareBazaar,Other_Payloads/FIN7/Macro
FIN7,G0046,Macro,f47af17b82cdd753cbba4f75be9e372ac7dca17452572c57df64f5bfea74abe9,.xlsx,FIN7_Macro_f47af17b.xlsx,MalwareBazaar,Other_Payloads/FIN7/Macro
Gamaredon,G0047,Gamaredon,693b4d811d4839e92f7dd8974c057bc1b6d57d50bb5ef6e49c4a365564ef99e7,.doc,Gamaredon_Gamaredon_693b4d81.doc,MalwareBazaar,Other_Payloads/Gamaredon/Gamaredon
Gamaredon,G0047,Gamaredon,6f4bd7871477ac3867126b82cfb3d9627e62b6a9d1a4d41a20bae733e18a33d7,.doc,Gamaredon_Gamaredon_6f4bd787.doc,MalwareBazaar,Other_Payloads/Gamaredon/Gamaredon
Gamaredon,G0047,Gamaredon,75f2b3a6007d13f7a5d1c6ad37b91e53b1b74c4baa64dadb8a7e22dfbc174cd1,.doc,Gamaredon_Gamaredon_75f2b3a6.doc,MalwareBazaar,Other_Payloads/Gamaredon/Gamaredon
Gamaredon,G0047,Pterodo,5095c6478dbb7f167c637511536ddc9bdc60828cc7c323041c68a2918eb351e8,.pdf,Gamaredon_Pterodo_5095c647.pdf,MalwareBazaar,Other_Payloads/Gamaredon/Pterodo
Gamaredon,G0047,Pterodo,7370668e7d715e19d36a7580ca04f349c7365d568ffbb5735eb6c79d80d63b63,.ps1,Gamaredon_Pterodo_7370668e.ps1,MalwareBazaar,Other_Payloads/Gamaredon/Pterodo
Gamaredon,G0047,Pterodo,c6e629c8375df83184401dd941ca2d490e78a1a338a9d0acdd43665b333cebfe,.ps1,Gamaredon_Pterodo_c6e629c8.ps1,MalwareBazaar,Other_Payloads/Gamaredon/Pterodo
HAFNIUM,G0125,ChinaChopper,33878eed4a50635735e6e368a50f69c13b22b6af58ae50a82c1af5c5f129fb7f,.aspx,HAFNIUM_ChinaChopper_33878eed.aspx,MalwareBazaar,Other_Payloads/HAFNIUM/ChinaChopper
HAFNIUM,G0125,ChinaChopper,be127e79cf24b5e8f1e575c534bebfcae8d00761d3327fa3489b543d4820e1b1,.aspx,HAFNIUM_ChinaChopper_be127e79.aspx,MalwareBazaar,Other_Payloads/HAFNIUM/ChinaChopper
HAFNIUM,G0125,ChinaChopper,dd39c64eae91e0b4cefac8a2ed66f5ca8bf6a0445830253d1325fab4d5c820c1,.aspx,HAFNIUM_ChinaChopper_dd39c64e.aspx,MalwareBazaar,Other_Payloads/HAFNIUM/ChinaChopper
Patchwork,G0040,Donot,697e5c66b37dca99fc17ba919792e7429efbff1df26cea3c26866eff269b0055,.doc,Patchwork_Donot_697e5c66.doc,MalwareBazaar,Other_Payloads/Patchwork/Donot
Patchwork,G0040,Donot,a70af59cce280f3b58f4c3cd24b1a2c75a4ea857e0a52c6576a6fc9ab6b3a5c0,.doc,Patchwork_Donot_a70af59c.doc,MalwareBazaar,Other_Payloads/Patchwork/Donot
Patchwork,G0040,Donot,ff485354658226e073ee0f28e6976812465c43d251760f0be256bbf349d2a322,.doc,Patchwork_Donot_ff485354.doc,MalwareBazaar,Other_Payloads/Patchwork/Donot
Sidewinder,G0121,Sidewinder,30be03d9709a15d677b7692855993f1ef3708d568c27c293cc2f02295ce99c4b,.doc,Sidewinder_Sidewinder_30be03d9.doc,MalwareBazaar,Other_Payloads/Sidewinder/Sidewinder
Sidewinder,G0121,Sidewinder,99ed9f44a02a3549d60c58233f793622319ed4d08d2c1c8d6fd17fcb06afa8c0,.doc,Sidewinder_Sidewinder_99ed9f44.doc,MalwareBazaar,Other_Payloads/Sidewinder/Sidewinder
Sidewinder,G0121,Sidewinder,d3fb61c0211bd379bf80f15cf072fdbc1187fe95546fdfcfcbdf8918004f05e2,.doc,Sidewinder_Sidewinder_d3fb61c0.doc,MalwareBazaar,Other_Payloads/Sidewinder/Sidewinder
Turla,G0010,KopiLuwak,8d9bb878a18b2b7ef558504e78a59eb644f83a63679658533ff8accf0b85fda3,.js,Turla_KopiLuwak_8d9bb878.js,MalwareBazaar,Other_Payloads/Turla/KopiLuwak
Turla,G0010,Turla,2299ff9c7e5995333691f3e68373ebbb036aa619acd61cbea6c5210490699bb6,.docx,Turla_Turla_2299ff9c.docx,MalwareBazaar,Other_Payloads/Turla/Turla
Turla,G0010,Turla,d7e528b55b2eeb6786509664a70f641f14d0c13ceec539737eef26857355536e,.ps1,Turla_Turla_d7e528b5.ps1,MalwareBazaar,Other_Payloads/Turla/Turla
